,accuracy,precision,recall,f1,kapppa,set,modelo
0,0.8947368421052632,1.0,0.8,0.888888888888889,0.7912087912087913,test,Random Forest
1,0.868421052631579,0.8571428571428571,0.9,0.8780487804878048,0.7353760445682451,train,Random Forest
