,accuracy,precision,recall,f1,kapppa,set,modelo
0,0.8947368421052632,1.0,0.8,0.888888888888889,0.7912087912087913,test,Random Forest
1,0.868421052631579,0.8571428571428571,0.9,0.8780487804878048,0.7353760445682451,train,Random Forest
2,0.9473684210526316,1.0,0.9,0.9473684210526316,0.8950276243093923,test,Regresión logistica Esta
3,1.0,1.0,1.0,1.0,1.0,train,Regresión logistica Esta
4,0.9473684210526316,1.0,0.9,0.9473684210526316,0.8950276243093923,test,Decission Tree I
5,1.0,1.0,1.0,1.0,1.0,train,Decission Tree I
