,MAE,MSE,RMSE,R2,set,modelo
0,0.0005247771052143799,4.0543471242735273e-07,0.0006367375538063958,0.838170360208371,test,Random Forest
1,0.00035221867505983936,2.2723760115166286e-07,0.0004766944526126383,0.8881375938175794,train,Random Forest
