,MAE,MSE,RMSE,R2,set,modelo
0,0.0003419339210714,2.0678295738015178e-07,0.0004547339413109,0.9174623916449338,test,Linear Regresion
1,0.0003473466332217,1.9716297981135386e-07,0.0004440303816309,0.902942447816662,train,LinearRegression
0,0.00033599556700209654,1.714656437150494e-07,0.0004140841022244749,0.931559330001823,test,Decission Tree I
1,1.3454227672904039e-05,3.316720223210054e-09,5.759097345253034e-05,0.9983672759133091,train,Decission Tree I
0,0.0006020726916342589,5.160477572938897e-07,0.0007183646408989586,0.7940190612240383,test,Decision tree II
1,0.0005020989197650869,4.1190915367149234e-07,0.0006418014908610702,0.7972292049170824,train,Decision tree II
