,MAE,MSE,RMSE,R2,set,modelo
0,0.0005216969197864269,3.9908080149072466e-07,0.0006317284238426546,0.8407065296251099,test,Random Forest
1,0.0003585571680922408,2.2374579141017976e-07,0.00047301774957202164,0.8898565093387515,train,Random Forest
