,MAE,MSE,RMSE,R2,set,modelo
0,0.0003419339210714267,2.0678295738015178e-07,0.0004547339413109074,0.9174623916449338,test,Linear Regresion
1,0.0003473466332217969,1.9716297981135386e-07,0.0004440303816309801,0.902942447816662,train,LinearRegression
