,MAE,MSE,RMSE,R2,set,modelo
0,0.0005247771052143799,4.0543471242735273e-07,0.0006367375538063958,0.838170360208371,test,Random Forest
1,0.00035221867505983936,2.2723760115166286e-07,0.0004766944526126383,0.8881375938175794,train,Random Forest
0,0.0003419339210714,2.0678295738015178e-07,0.0004547339413109,0.9174623916449338,test,Linear Regresion
1,0.0003473466332217,1.9716297981135386e-07,0.0004440303816309,0.902942447816662,train,LinearRegression
0,0.000335995567002,1.714656437150494e-07,0.0004140841022244,0.931559330001823,test,Decission Tree I
1,1.345422767290404e-05,3.316720223210054e-09,5.759097345253034e-05,0.9983672759133092,train,Decission Tree I
0,0.0006020726916342,5.160477572938897e-07,0.0007183646408989,0.7940190612240383,test,Decision tree II
1,0.000502098919765,4.1190915367149234e-07,0.000641801490861,0.7972292049170824,train,Decision tree II
