,MAE,MSE,RMSE,R2,set,modelo
0,0.0004853475892828398,3.523594079624489e-07,0.0005935986926893024,0.859355416988445,test,Random Forest
1,0.00034042408853420306,2.0908593087610384e-07,0.0004572591506750891,0.89707312870689,train,Random Forest
